{
    "users": [
        {
            "id": "1",
            "name": "DIE NIANG",
            "email": "die@gmail.com",
            "password": "passer123",
            "profile": "Admin",
            "image": "assets\/images\/tof2.png",
            "reset_token": "edc990106cac2da0ed7c7940008d634a",
            "reset_expire": 1746106635
        }
    ],
    "promotions": [
        {
            "name": "promo 7",
            "date_debut": "2025-04-23",
            "date_fin": "2025-04-24",
            "image": "\/assets\/images\/uploads\/promotions\/cloud.png",
            "status": "active",
            "etat": "en_cours",
            "apprenants": [
                {
                    "id": "680f703cbb883",
                    "name": "Sarada Uchiwa"
                }
            ],
            "id": 19,
            "referentiels": [
                "",
                "680ff2176d805",
                "680ff96d4731d",
                "680ff9ee7eada",
                "681786ebe3251",
                "680ff1f50ecfc",
                "681794c0e1fd3",
                "681787a19ef85"
            ]
        },
        {
            "name": "promotion 10",
            "date_debut": "1970-01-01",
            "date_fin": "2023-12-02",
            "image": "\/assets\/images\/uploads\/promotions\/promotion_68155864e88d9.jpeg",
            "referentiels": [
                "680ff1b19aaec"
            ],
            "status": "inactive",
            "apprenants": [],
            "id": 40
        },
        {
            "name": "promo 7 dev web",
            "date_debut": "2025-02-06",
            "date_fin": "2025-11-06",
            "image": "\/assets\/images\/uploads\/promotions\/cloud1.png",
            "referentiels": [
                "680ff1b19aaec"
            ],
            "status": "inactive",
            "apprenants": [],
            "id": 41
        },
        {
            "name": "promo 1 devweb",
            "date_debut": "2023-08-12",
            "date_fin": "2024-08-12",
            "image": "\/assets\/images\/uploads\/promotions\/promotion_681787d8b07e1.png",
            "referentiels": [
                "680ff1b19aaec"
            ],
            "status": "inactive",
            "apprenants": [],
            "id": 42
        },
        {
            "name": "promo 4",
            "date_debut": "2000-12-08",
            "date_fin": "2001-09-12",
            "image": "\/assets\/images\/uploads\/promotions\/promotion_681787fdd700f.png",
            "referentiels": [
                "680ff2176d805"
            ],
            "status": "inactive",
            "apprenants": [],
            "id": 43
        },
        {
            "name": "Promo 5 ECSA referent dig",
            "date_debut": "2025-02-06",
            "date_fin": "2025-11-06",
            "image": "\/assets\/images\/uploads\/promotions\/promotion_681788250ce34.png",
            "referentiels": [
                "680ff1f50ecfc"
            ],
            "status": "inactive",
            "apprenants": [],
            "id": 44
        },
        {
            "name": "promo 3",
            "date_debut": "2000-08-12",
            "date_fin": "2001-09-12",
            "image": "\/assets\/images\/uploads\/promotions\/promotion_6817885222f81.png",
            "referentiels": [
                "680ff1b19aaec",
                "680ff1f50ecfc",
                "680ff9ee7eada",
                "681787a19ef85"
            ],
            "status": "inactive",
            "apprenants": [],
            "id": 45
        },
        {
            "name": "Promo 1 ECSA",
            "date_debut": "2017-08-12",
            "date_fin": "2018-08-12",
            "image": "\/assets\/images\/uploads\/promotions\/promotion_68178a1062863.png",
            "referentiels": [
                "680ff1b19aaec",
                "680ff1f50ecfc",
                "680ff2176d805",
                "680ff96d4731d",
                "680ff9ee7eada",
                "6817873ac7cc1"
            ],
            "status": "inactive",
            "apprenants": [],
            "id": 46
        },
        {
            "name": "promo5  IA",
            "date_debut": "2025-08-12",
            "date_fin": "2025-11-06",
            "image": "\/assets\/images\/uploads\/promotions\/promotion_68179270088fd.png",
            "referentiels": [
                "680ff2176d805"
            ],
            "status": "inactive",
            "apprenants": [],
            "id": 47
        },
        {
            "name": "Promo 7 ECSA IA",
            "date_debut": "2023-08-12",
            "date_fin": "2024-08-12",
            "image": "\/assets\/images\/uploads\/promotions\/promotion_681792ae7bec0.png",
            "referentiels": [
                "680ff1b19aaec",
                "680ff2176d805",
                "680ff96d4731d",
                "680ff9ee7eada"
            ],
            "status": "inactive",
            "apprenants": [],
            "id": 48
        },
        {
            "name": "Promo 5 ECSA dev",
            "date_debut": "2023-08-12",
            "date_fin": "2024-08-12",
            "image": "\/assets\/images\/uploads\/promotions\/promotion_6817ca8d8fa3b.png",
            "referentiels": [
                "680ff1b19aaec",
                "680ff1f50ecfc",
                "680ff2176d805",
                "680ff96d4731d",
                "681786ebe3251",
                "681794c0e1fd3"
            ],
            "status": "inactive",
            "apprenants": [],
            "id": 49
        },
        {
            "name": "Promo 2 ECSA",
            "date_debut": "2018-08-12",
            "date_fin": "2019-08-12",
            "image": "\/assets\/images\/uploads\/promotions\/promotion_6817d2eec703d.png",
            "referentiels": [
                "680ff1b19aaec",
                "680ff1f50ecfc",
                "680ff2176d805",
                "680ff96d4731d",
                "680ff9ee7eada"
            ],
            "status": "inactive",
            "apprenants": [],
            "id": 50
        },
        {
            "name": "dndhd",
            "date_debut": "2023-08-12",
            "date_fin": "2024-08-12",
            "image": "\/assets\/images\/uploads\/promotions\/promotion_6818993506308.png",
            "referentiels": [
                "680ff1f50ecfc"
            ],
            "status": "inactive",
            "apprenants": [],
            "id": 51
        },
        {
            "name": "promo 7",
            "date_debut": "2023-08-12",
            "date_fin": "2024-08-12",
            "image": "\/assets\/images\/uploads\/promotions\/promotion_6818a63ad39b9.png",
            "referentiels": [
                "680ff1b19aaec"
            ],
            "status": "inactive",
            "apprenants": [],
            "id": 52
        },
        {
            "name": "promo 7",
            "date_debut": "2023-08-12",
            "date_fin": "2024-08-12",
            "image": "\/assets\/images\/uploads\/promotions\/promotion_6818a6908ad3d.png",
            "referentiels": [
                "680ff1b19aaec"
            ],
            "status": "inactive",
            "apprenants": [],
            "id": 53
        }
    ],
    "referentiels": [
        {
            "id": "680ff1b19aaec",
            "name": "Dev WEB\/mobile",
            "description": "developpement application....",
            "capacite": 50,
            "sessions": 1,
            "image": "assets\/images\/referentiels\/dev.png",
            "modules": []
        },
        {
            "id": "680ff1f50ecfc",
            "name": "R\u00e9f\u00e9rent DIGITAL",
            "description": "Design UIUX, web design graphique design...",
            "capacite": 50,
            "sessions": 1,
            "image": "assets\/images\/referentiels\/cloud1.png",
            "modules": []
        },
        {
            "id": "680ff2176d805",
            "name": "AWS",
            "description": "Cloud ...",
            "capacite": 25,
            "sessions": 2,
            "image": "assets\/images\/referentiels\/cloud.png",
            "modules": []
        },
        {
            "id": "680ff96d4731d",
            "name": "Dev Data",
            "description": "Base de donne",
            "capacite": 25,
            "sessions": 1,
            "image": "assets\/images\/referentiels\/mach.png",
            "modules": []
        },
        {
            "id": "680ff9ee7eada",
            "name": "Hackeuse",
            "description": "Design graphique assistanat...",
            "capacite": 25,
            "sessions": 2,
            "image": "assets\/images\/referentiels\/680ff9ee7e7c1.jpg",
            "modules": []
        },
        {
            "id": "681786bb5f5bc",
            "name": "referent aws",
            "description": "le coud",
            "capacite": 25,
            "sessions": 2,
            "image": "assets\/images\/referentiels\/681786bb5f453.png",
            "modules": []
        },
        {
            "id": "681786ebe3251",
            "name": "ref reseaaux",
            "description": "reseaux telecom",
            "capacite": 50,
            "sessions": 1,
            "image": "assets\/images\/referentiels\/681786ebe314e.png",
            "modules": []
        },
        {
            "id": "6817873ac7cc1",
            "name": "ref res",
            "description": "le telecom",
            "capacite": 50,
            "sessions": 1,
            "image": "assets\/images\/referentiels\/6817873ac7b3c.png",
            "modules": []
        },
        {
            "id": "681787a19ef85",
            "name": "hackeuse P4",
            "description": "les hackeuses",
            "capacite": 25,
            "sessions": 2,
            "image": "assets\/images\/referentiels\/681787a19ee41.png",
            "modules": []
        },
        {
            "id": "68178882628e1",
            "name": "ref data",
            "description": "devops",
            "capacite": 25,
            "sessions": 1,
            "image": "assets\/images\/referentiels\/6817888262783.png",
            "modules": []
        },
        {
            "id": "681794c0e1fd3",
            "name": "REF IA",
            "description": "INTELIGENCE ARTIFICIELLE",
            "capacite": 25,
            "sessions": 1,
            "image": "assets\/images\/referentiels\/681794c0e1db7.png",
            "modules": []
        },
        {
            "id": "6817ce59cc095",
            "name": "ref4",
            "description": "developpemnt web",
            "capacite": 50,
            "sessions": 1,
            "image": "assets\/images\/referentiels\/6817ce59cbf23.png",
            "modules": []
        },
        {
            "id": "68186a3ff26fd",
            "name": "ref web\/mobile",
            "description": "dev web\/mobile",
            "capacite": 50,
            "sessions": 1,
            "image": "assets\/images\/referentiels\/68186a3ff23d6.png",
            "modules": []
        }
    ],
    "apprenants": [
        {
            "id": "1",
            "matricule": "ODC-2025-0001",
            "prenom": "bintou",
            "nom": "faye",
            "email": "binto@example.com",
            "password": "password123",
            "telephone": "785993546",
            "adresse": "senegal",
            "date_naissance": "2000-01-01",
            "lieu_naissance": "Konoha",
            "photo": "apprenants\/6817bfee7bb55.png",
            "status": "actif",
            "referentiel": "Dev WEB\/mobile",
            "promotion_id": "1",
            "created_at": "2024-01-01",
            "referentiel_id": "680ff1b19aaec"
        },
        {
            "prenom": "rebot",
            "nom": "cop",
            "email": "lrebot@gmail.com",
            "telephone": "760000000",
            "adresse": "gryoff",
            "date_naissance": "14\/01\/2002",
            "lieu_naissance": "Dakar",
            "referentiel_id": "680ff1b19aaec",
            "photo": "apprenants\/6817c01d78bc5.png",
            "id": "68155f9dbd8ab",
            "matricule": "ODC-2025-0002",
            "password": "$2y$10$m37ZnF2ldrUktxrJPYj2UOZ1mxaJrZ1bw1A6nQAO3Fr.hvfJkOqDy",
            "created_at": "2025-05-03 00:13:17",
            "status": "actif"
        },
        {
            "prenom": "ODC-2025-0004",
            "nom": "1058215 Diop",
            "email": "Maman Die Niang",
            "telephone": "seydina.diop@exemple.com",
            "adresse": "actif",
            "date_naissance": "actif",
            "lieu_naissance": "",
            "referentiel_id": "",
            "status": "actif",
            "imported_data": [
                "ODC-2025-0004",
                "1058215 Diop",
                "Maman Die Niang",
                "seydina.diop@exemple.com",
                "actif",
                "actif"
            ],
            "missing_fields": [
                "date_naissance",
                "lieu_naissance"
            ],
            "id": "68176b5d681ef",
            "matricule": "ODC-2025-0004",
            "password": "$2y$12$MpFABXDZHjKkdbCAsnfpjeE4dsAMlrwk7oz7Zxwk4Q42iL0QqWNde",
            "created_at": "2025-05-04 13:27:57"
        },
        {
            "prenom": "ODC-2025-0005",
            "nom": "1058216 Gueye",
            "email": "Mamadou",
            "telephone": "mamadou.gueye@exemple.com",
            "adresse": "actif",
            "date_naissance": "actif",
            "lieu_naissance": "",
            "referentiel_id": "",
            "status": "actif",
            "imported_data": [
                "ODC-2025-0005",
                "1058216 Gueye",
                "Mamadou",
                "mamadou.gueye@exemple.com",
                "actif",
                "actif"
            ],
            "missing_fields": [
                "date_naissance",
                "lieu_naissance"
            ],
            "id": "68176b5dbe941",
            "matricule": "ODC-2025-0005",
            "password": "$2y$12$.NyRE8oYmjU\/z\/jBC6or2uGuBDEZvpemOt9Czvs\/Y4xTcWLBem.HK",
            "created_at": "2025-05-04 13:27:58"
        },
        {
            "prenom": "ODC-2025-0006",
            "nom": "1058217 Lo",
            "email": "Ndiaga",
            "telephone": "ndiaga.lo@exemple.com",
            "adresse": "actif",
            "date_naissance": "actif",
            "lieu_naissance": "",
            "referentiel_id": "",
            "status": "actif",
            "imported_data": [
                "ODC-2025-0006",
                "1058217 Lo",
                "Ndiaga",
                "ndiaga.lo@exemple.com",
                "actif",
                "actif"
            ],
            "missing_fields": [
                "date_naissance",
                "lieu_naissance"
            ],
            "id": "68176b5e1d1f0",
            "matricule": "ODC-2025-0006",
            "password": "$2y$12$chunETTw5z.JUzC1ZZEuE.CNhfj3M5.6zfSwE5\/eQXpB0y\/iMlmjy",
            "created_at": "2025-05-04 13:27:58"
        },
        {
            "prenom": "ODC-2025-0007",
            "nom": "1058218 sonko",
            "email": " ousmane",
            "telephone": "sonko2@gmail.com",
            "adresse": "actif",
            "date_naissance": "actif",
            "lieu_naissance": "",
            "referentiel_id": "",
            "status": "actif",
            "imported_data": [
                "ODC-2025-0007",
                "1058218 sonko",
                " ousmane",
                "sonko2@gmail.com",
                "actif",
                "actif"
            ],
            "missing_fields": [
                "date_naissance",
                "lieu_naissance"
            ],
            "id": "68176b5e6f92e",
            "matricule": "ODC-2025-0007",
            "password": "$2y$12$aBTC6HKlHKBgPHXRniFT.OThoJ.EQmr6m5lZCHfTdtG4aipTXwzmm",
            "created_at": "2025-05-04 13:27:58"
        },
        {
            "prenom": "ODC-2025-0008",
            "nom": "1058219 diaw",
            "email": "mariama",
            "telephone": "mari3@gmail.com",
            "adresse": "actif",
            "date_naissance": "actif",
            "lieu_naissance": "",
            "referentiel_id": "",
            "status": "actif",
            "imported_data": [
                "ODC-2025-0008",
                "1058219 diaw",
                "mariama",
                "mari3@gmail.com",
                "actif",
                "actif"
            ],
            "missing_fields": [
                "date_naissance",
                "lieu_naissance"
            ],
            "id": "68176b5ec2adc",
            "matricule": "ODC-2025-0008",
            "password": "$2y$12$OZdOo8yPtreyqv3mjsXAM.2pfjymX1C9lI210rmefYp6zkuh3wJ06",
            "created_at": "2025-05-04 13:27:59"
        },
        {
            "prenom": "ODC-2025-0009",
            "nom": "1058220 savon",
            "email": "mame nidaye ",
            "telephone": "mame@gmail.com",
            "adresse": "exclu",
            "date_naissance": "actif",
            "lieu_naissance": "",
            "referentiel_id": "",
            "status": "actif",
            "imported_data": [
                "ODC-2025-0009",
                "1058220 savon",
                "mame nidaye ",
                "mame@gmail.com",
                "exclu",
                "actif"
            ],
            "missing_fields": [
                "date_naissance",
                "lieu_naissance"
            ],
            "id": "68176b5f2188c",
            "matricule": "ODC-2025-0009",
            "password": "$2y$12$q1\/LFLkZHRrAkNVK3.dzMet22aRNnvZe2cYFZ7HS1YRUvnzFCh83K",
            "created_at": "2025-05-04 13:27:59"
        },
        {
            "prenom": "ODC-2025-0010",
            "nom": "1058221 Diop",
            "email": "ndeye",
            "telephone": "ndeya5@gamil.com",
            "adresse": "actif",
            "date_naissance": "actif",
            "lieu_naissance": "",
            "referentiel_id": "",
            "status": "actif",
            "imported_data": [
                "ODC-2025-0010",
                "1058221 Diop",
                "ndeye",
                "ndeya5@gamil.com",
                "actif",
                "actif"
            ],
            "missing_fields": [
                "date_naissance",
                "lieu_naissance"
            ],
            "id": "68176b5f7467d",
            "matricule": "ODC-2025-0010",
            "password": "$2y$12$Z\/jHsDNWM2j7ZQ8gfrf2lOKSZ6.gpGJMwk4fXSiUMUHxHCIAylSLq",
            "created_at": "2025-05-04 13:27:59"
        },
        {
            "prenom": "ODC-2025-0011",
            "nom": "1058222 Diop",
            "email": "amy colle",
            "telephone": "amy@gmail.com",
            "adresse": "actif",
            "date_naissance": "actif",
            "lieu_naissance": "",
            "referentiel_id": "",
            "status": "actif",
            "imported_data": [
                "ODC-2025-0011",
                "1058222 Diop",
                "amy colle",
                "amy@gmail.com",
                "actif",
                "actif"
            ],
            "missing_fields": [
                "date_naissance",
                "lieu_naissance"
            ],
            "id": "68176b5fc6e3d",
            "matricule": "ODC-2025-0011",
            "password": "$2y$12$vnlJPccRAmF9vfvI.zt7y.md0Byg0EXalzPA4Qsa3hWagsGiNsIce",
            "created_at": "2025-05-04 13:28:00"
        },
        {
            "prenom": "ODC-2025-0012",
            "nom": "1058223 biaye",
            "email": "pauline",
            "telephone": "pauline@gmail.com",
            "adresse": "actif",
            "date_naissance": "actif",
            "lieu_naissance": "",
            "referentiel_id": "",
            "status": "actif",
            "imported_data": [
                "ODC-2025-0012",
                "1058223 biaye",
                "pauline",
                "pauline@gmail.com",
                "actif",
                "actif"
            ],
            "missing_fields": [
                "date_naissance",
                "lieu_naissance"
            ],
            "id": "68176b6025def",
            "matricule": "ODC-2025-0012",
            "password": "$2y$12$P\/AuARths0PjoQlhHXE.1u1mjbHgesTQB7OP6lLMHE4mMoVIfoGju",
            "created_at": "2025-05-04 13:28:00"
        },
        {
            "prenom": "ODC-2025-0013",
            "nom": "1058224 ndiaye",
            "email": "allou",
            "telephone": "allou@gmaila.com",
            "adresse": "actif",
            "date_naissance": "actif",
            "lieu_naissance": "",
            "referentiel_id": "",
            "status": "actif",
            "imported_data": [
                "ODC-2025-0013",
                "1058224 ndiaye",
                "allou",
                "allou@gmaila.com",
                "actif",
                "actif"
            ],
            "missing_fields": [
                "date_naissance",
                "lieu_naissance"
            ],
            "id": "68176b6078b08",
            "matricule": "ODC-2025-0013",
            "password": "$2y$12$01B1eBg5aOxOKH9iShMhae4NF1WskvLAqt1M4KVDQ3\/xWUfhI5wHW",
            "created_at": "2025-05-04 13:28:00"
        },
        {
            "prenom": "ODC-2025-0014",
            "nom": "ODC-2025-0011 faye",
            "email": "fatou  ",
            "telephone": "fatou@gmail.com",
            "adresse": "actif",
            "date_naissance": "actif",
            "lieu_naissance": "",
            "referentiel_id": "",
            "status": "actif",
            "imported_data": [
                "ODC-2025-0014",
                "ODC-2025-0011 faye",
                "fatou  ",
                "fatou@gmail.com",
                "actif",
                "actif"
            ],
            "missing_fields": [
                "date_naissance",
                "lieu_naissance"
            ],
            "id": "68176b60cb385",
            "matricule": "ODC-2025-0014",
            "password": "$2y$12$5gC3V1rE0VBhFyWj.bXIYuD7qSnEdQPnjlhuU396uAMY.EY5T.LZ6",
            "created_at": "2025-05-04 13:28:01"
        },
        {
            "prenom": "ODC-2025-0015",
            "nom": "ODC-2025-0012 Diallo",
            "email": "Abdoulaye ",
            "telephone": "layeprof221@gmail.com",
            "adresse": "actif",
            "date_naissance": "actif",
            "lieu_naissance": "",
            "referentiel_id": "",
            "status": "actif",
            "imported_data": [
                "ODC-2025-0015",
                "ODC-2025-0012 Diallo",
                "Abdoulaye ",
                "layeprof221@gmail.com",
                "actif",
                "actif"
            ],
            "missing_fields": [
                "date_naissance",
                "lieu_naissance"
            ],
            "id": "68176b6129fde",
            "matricule": "ODC-2025-0015",
            "password": "$2y$12$PyksDqcKspXzEB73F49.9OFhVisu2kZ\/3PVoXq1Qc.MB90AFFPwSq",
            "created_at": "2025-05-04 13:28:01"
        },
        {
            "prenom": "ODC-2025-0016",
            "nom": "ODC-2025-0013 Diallo",
            "email": "moussa ",
            "telephone": "moussa@gmail.com",
            "adresse": "actif",
            "date_naissance": "actif",
            "lieu_naissance": "",
            "referentiel_id": "",
            "status": "actif",
            "imported_data": [
                "ODC-2025-0016",
                "ODC-2025-0013 Diallo",
                "moussa ",
                "moussa@gmail.com",
                "actif",
                "actif"
            ],
            "missing_fields": [
                "date_naissance",
                "lieu_naissance"
            ],
            "id": "68176b617cec0",
            "matricule": "ODC-2025-0016",
            "password": "$2y$12$JJcfvmfAYeB977jTX\/NiXO24Cssya9PmJoIZiwV1.ONaUoz0L4VKe",
            "created_at": "2025-05-04 13:28:01"
        },
        {
            "prenom": "ODC-2025-0017",
            "nom": "ODC-2025-0014 mbow",
            "email": "astou",
            "telephone": "astou@odc.sn",
            "adresse": "actif",
            "date_naissance": "actif",
            "lieu_naissance": "",
            "referentiel_id": "",
            "status": "actif",
            "imported_data": [
                "ODC-2025-0017",
                "ODC-2025-0014 mbow",
                "astou",
                "astou@odc.sn",
                "actif",
                "actif"
            ],
            "missing_fields": [
                "date_naissance",
                "lieu_naissance"
            ],
            "id": "68176b61d01d9",
            "matricule": "ODC-2025-0017",
            "password": "$2y$12$XvH1Tp3NJFJB1XdQwMJgvebVuhTR\/0Fav01KAleCORpDFUTT7nKOy",
            "created_at": "2025-05-04 13:28:02"
        },
        {
            "prenom": "ODC-2025-0018",
            "nom": "ODC-2025-0564 fall",
            "email": "thiat",
            "telephone": "fall@gmail.com",
            "adresse": "actif",
            "date_naissance": "actif",
            "lieu_naissance": "",
            "referentiel_id": "",
            "status": "actif",
            "imported_data": [
                "ODC-2025-0018",
                "ODC-2025-0564 fall",
                "thiat",
                "fall@gmail.com",
                "actif",
                "actif"
            ],
            "missing_fields": [
                "date_naissance",
                "lieu_naissance"
            ],
            "id": "68176b622ebb8",
            "matricule": "ODC-2025-0018",
            "password": "$2y$12$Lea7sNE\/yRE0eUXgrZC0R.1WFNQblfSnb7dDCJslloBCuDd9aehIi",
            "created_at": "2025-05-04 13:28:02"
        },
        {
            "prenom": "ODC-2025-0019",
            "nom": "ODC-2025-5161 mendy",
            "email": "sarrah",
            "telephone": "sarah@odc.sn",
            "adresse": "actif",
            "date_naissance": "actif",
            "lieu_naissance": "",
            "referentiel_id": "",
            "status": "actif",
            "imported_data": [
                "ODC-2025-0019",
                "ODC-2025-5161 mendy",
                "sarrah",
                "sarah@odc.sn",
                "actif",
                "actif"
            ],
            "missing_fields": [
                "date_naissance",
                "lieu_naissance"
            ],
            "id": "68176b6282366",
            "matricule": "ODC-2025-0019",
            "password": "$2y$12$qPdbhVnXcT0lzHLkLbTgZuwQXZCYwjTHlKif2tGQueRQVJ\/E0d2fi",
            "created_at": "2025-05-04 13:28:02"
        },
        {
            "prenom": "ODC-2025-0020",
            "nom": "ODC-2025-8128 dieme",
            "email": "khady",
            "telephone": "khady@gmail.com",
            "adresse": "actif",
            "date_naissance": "actif",
            "lieu_naissance": "",
            "referentiel_id": "",
            "status": "actif",
            "imported_data": [
                "ODC-2025-0020",
                "ODC-2025-8128 dieme",
                "khady",
                "khady@gmail.com",
                "actif",
                "actif"
            ],
            "missing_fields": [
                "date_naissance",
                "lieu_naissance"
            ],
            "id": "68176b62d5e72",
            "matricule": "ODC-2025-0020",
            "password": "$2y$12$aB6UbxuuL.E\/pLqa88zrtORyclHWPOnAQZqdieFPmMjHV4a5kYaPq",
            "created_at": "2025-05-04 13:28:03"
        },
        {
            "prenom": "Maman",
            "nom": "Maman Niang",
            "email": "dieniang32@gmail.com",
            "telephone": "778801947",
            "adresse": "senegal",
            "date_naissance": "12\/12\/2000",
            "lieu_naissance": "pikine",
            "referentiel_id": "680ff1b19aaec",
            "photo": "apprenants\/6817b65300df1.jpeg",
            "id": "6817b653011bb",
            "matricule": "ODC-2025-0020",
            "password": "$2y$12$PF\/om0oXaPh6IQFsORtqtuN3swU1YACVSH3XU9b4FT2SE0ccJlFkS",
            "created_at": "2025-05-04 18:47:47",
            "status": "actif"
        },
        {
            "prenom": "mame ndiaye",
            "nom": "savon",
            "email": "mamndiaye@gmail.com",
            "telephone": "771234500",
            "adresse": "senegal",
            "date_naissance": "12\/12\/1998",
            "lieu_naissance": "pikine",
            "referentiel_id": "680ff1b19aaec",
            "photo": "apprenants\/6817bfb90c80f.png",
            "id": "6817bfb90cddb",
            "matricule": "ODC-2025-0021",
            "password": "$2y$12$0u2gMtMsd9JjNczYaRGjAe7dIW4xeFUJ2CnWqGfh6J\/ymzrpMdkI.",
            "created_at": "2025-05-04 19:27:53",
            "status": "actif"
        },
        {
            "prenom": "mame fa",
            "nom": "wade",
            "email": "fa@gmail.com",
            "telephone": "765443322",
            "adresse": "thies",
            "date_naissance": "12\/12\/1997",
            "lieu_naissance": "hanne",
            "referentiel_id": "680ff1f50ecfc",
            "photo": "apprenants\/6817c071a664d.png",
            "id": "6817c071a6846",
            "matricule": "ODC-2025-0022",
            "password": "$2y$12$oGLhC2FCZwMoM7AdKDldMuRwk3FydMAuLr1J1YC1ygtzXw0Pg2vI2",
            "created_at": "2025-05-04 19:30:58",
            "status": "actif"
        },
        {
            "prenom": "vivi",
            "nom": "ahmad",
            "email": "vivi@gmail.com",
            "telephone": "779000065",
            "adresse": "senegal",
            "date_naissance": "12\/12\/2004",
            "lieu_naissance": "hanne",
            "referentiel_id": "680ff2176d805",
            "photo": "apprenants\/6817c6a16e852.png",
            "id": "6817c6a16e9f5",
            "matricule": "ODC-2025-0023",
            "password": "$2y$12$Rguccc4VGd7hqOVMRrydJuS6fGcawj5SYt8466rbf2D7n7X6FKYES",
            "created_at": "2025-05-04 19:57:21",
            "status": "actif"
        },
        {
            "prenom": "buur",
            "nom": "niang",
            "email": "buur@gmail.com",
            "telephone": "778891209",
            "adresse": "senegal",
            "date_naissance": "12\/12\/2008",
            "lieu_naissance": "km",
            "referentiel_id": "680ff1b19aaec",
            "photo": "apprenants\/6817cafdd0d9e.png",
            "id": "6817cafdd0fca",
            "matricule": "ODC-2025-0024",
            "password": "$2y$12$yXsFQE1wYqOX5l9AWNRhRe2\/uYC5\/3Oa3KYjltIVHG7nrzp7beO9i",
            "created_at": "2025-05-04 20:15:58",
            "status": "actif"
        },
        {
            "prenom": "ODC-2025-0014",
            "nom": "Marie vone mrs diallo",
            "email": "admin@odc.sn",
            "telephone": "767777777",
            "adresse": "1",
            "date_naissance": "exclu",
            "lieu_naissance": "",
            "referentiel_id": "",
            "status": "actif",
            "imported_data": [
                "ODC-2025-0014",
                "Marie vone mrs diallo",
                "admin@odc.sn",
                "767777777",
                "1",
                "exclu"
            ],
            "missing_fields": [
                "date_naissance",
                "lieu_naissance"
            ],
            "id": "6817d2154722f",
            "matricule": "ODC-2025-0025",
            "password": "$2y$12$0QQdzZ2tpCqWkSMnUegjX.Aak8JQrhoLplQB5sTLqUFxZt9I6rNoS",
            "created_at": "2025-05-04 20:46:13"
        },
        {
            "prenom": "ODC-2025-0015",
            "nom": "doyen odc",
            "email": "doyen@gmail.com",
            "telephone": "773333333",
            "adresse": "4",
            "date_naissance": "exclu",
            "lieu_naissance": "",
            "referentiel_id": "",
            "status": "actif",
            "imported_data": [
                "ODC-2025-0015",
                "doyen odc",
                "doyen@gmail.com",
                "773333333",
                "4",
                "exclu"
            ],
            "missing_fields": [
                "date_naissance",
                "lieu_naissance"
            ],
            "id": "6817d219dad8e",
            "matricule": "ODC-2025-0026",
            "password": "$2y$12$UDRD6asbOQ04kQRd7UlcmOv5wtHAQrjVAZAATyx.XnanqgN6GVWKu",
            "created_at": "2025-05-04 20:46:18"
        },
        {
            "prenom": "ODC-2025-0016",
            "nom": "nabou soumare",
            "email": "nabou@gmail.com",
            "telephone": "782222222",
            "adresse": "3",
            "date_naissance": "actif",
            "lieu_naissance": "",
            "referentiel_id": "",
            "status": "actif",
            "imported_data": [
                "ODC-2025-0016",
                "nabou soumare",
                "nabou@gmail.com",
                "782222222",
                "3",
                "actif"
            ],
            "missing_fields": [
                "date_naissance",
                "lieu_naissance"
            ],
            "id": "6817d21d5d19a",
            "matricule": "ODC-2025-0027",
            "password": "$2y$12$dDrLX9Uj\/kk2z.b5FV\/Uc.ZSoO2beBPzp4BIUShg\/VriJJrn0\/yrK",
            "created_at": "2025-05-04 20:46:21"
        },
        {
            "prenom": "ODC-2025-0005",
            "nom": "1058215 Diop",
            "email": "seydina.diop@exemple.com",
            "telephone": "777777777",
            "adresse": "2",
            "date_naissance": "actif",
            "lieu_naissance": "",
            "referentiel_id": "",
            "status": "actif",
            "imported_data": [
                "ODC-2025-0005",
                "1058215 Diop",
                "seydina.diop@exemple.com",
                "777777777",
                "2",
                "actif"
            ],
            "missing_fields": [
                "date_naissance",
                "lieu_naissance"
            ],
            "id": "6817d22149a67",
            "matricule": "ODC-2025-0028",
            "password": "$2y$12$DhrFoFtZL\/tF28id8HRsNOiC8fSfjQ.3hHo0JgX.QuB2.lpsF8UGe",
            "created_at": "2025-05-04 20:46:25"
        },
        {
            "prenom": "ODC-2025-0007",
            "nom": "1058217 Lo",
            "email": "ndiaga.lo@exemple.com",
            "telephone": "770009900",
            "adresse": "Non d\u00e9fini",
            "date_naissance": "actif",
            "lieu_naissance": "",
            "referentiel_id": "",
            "status": "actif",
            "imported_data": [
                "ODC-2025-0007",
                "1058217 Lo",
                "ndiaga.lo@exemple.com",
                "770009900",
                "Non d\u00e9fini",
                "actif"
            ],
            "missing_fields": [
                "date_naissance",
                "lieu_naissance"
            ],
            "id": "6817d2246c5c1",
            "matricule": "ODC-2025-0029",
            "password": "$2y$12$xEWh5lfFamdAqlMBa.GQM.W2jA0CfWweg5xCMu5xCSb9rOKTbHte6",
            "created_at": "2025-05-04 20:46:28"
        },
        {
            "prenom": "ODC-2025-0008",
            "nom": "1058218 Diop@gamil.com",
            "email": "Diop@gamil.com",
            "telephone": "vert@gmail.com",
            "adresse": "Non d\u00e9fini",
            "date_naissance": "actif",
            "lieu_naissance": "",
            "referentiel_id": "",
            "status": "actif",
            "imported_data": [
                "ODC-2025-0008",
                "1058218 Diop@gamil.com",
                "Diop@gamil.com",
                "vert@gmail.com",
                "Non d\u00e9fini",
                "actif"
            ],
            "missing_fields": [
                "date_naissance",
                "lieu_naissance"
            ],
            "id": "6817d22827a23",
            "matricule": "ODC-2025-0030",
            "password": "$2y$12$oWJAQ6aN\/QiDtdfagawnHeb\/9hGuCb4l1R8OCQMmBfENE2\/8Nv5R.",
            "created_at": "2025-05-04 20:46:32"
        },
        {
            "prenom": "ODC-2025-0009",
            "nom": "1058224 Diedhiou",
            "email": "Ibrahima",
            "telephone": "ibrahimadiedhiou@gmail.com",
            "adresse": "Non d\u00e9fini",
            "date_naissance": "actif",
            "lieu_naissance": "",
            "referentiel_id": "",
            "status": "actif",
            "imported_data": [
                "ODC-2025-0009",
                "1058224 Diedhiou",
                "Ibrahima",
                "ibrahimadiedhiou@gmail.com",
                "Non d\u00e9fini",
                "actif"
            ],
            "missing_fields": [
                "date_naissance",
                "lieu_naissance"
            ],
            "id": "6817d22be765c",
            "matricule": "ODC-2025-0031",
            "password": "$2y$12$sfgGj\/9s.9YcpGi.RZ\/gSOHtvVK1UmJAGDFrlM6mD3Vq5uEsGfDsW",
            "created_at": "2025-05-04 20:46:36"
        },
        {
            "prenom": "ODC-2025-0010",
            "nom": "ODC-2025-0011 Diallo",
            "email": "layeprof221@gmail.com ",
            "telephone": "773332266",
            "adresse": "Non d\u00e9fini",
            "date_naissance": "actif",
            "lieu_naissance": "",
            "referentiel_id": "",
            "status": "actif",
            "imported_data": [
                "ODC-2025-0010",
                "ODC-2025-0011 Diallo",
                "layeprof221@gmail.com ",
                "773332266",
                "Non d\u00e9fini",
                "actif"
            ],
            "missing_fields": [
                "date_naissance",
                "lieu_naissance"
            ],
            "id": "6817d22c4ac36",
            "matricule": "ODC-2025-0032",
            "password": "$2y$12$u8hqrfx4fG.6DGrNstZkuOPDrasyUl0cIFQbng61ejwFtV\/bdZXua",
            "created_at": "2025-05-04 20:46:36"
        },
        {
            "prenom": "ODC-2025-0011",
            "nom": "ODC-2025-0013 marra",
            "email": "moussa@gmail.com ",
            "telephone": "788885544",
            "adresse": "Non d\u00e9fini",
            "date_naissance": "actif",
            "lieu_naissance": "",
            "referentiel_id": "",
            "status": "actif",
            "imported_data": [
                "ODC-2025-0011",
                "ODC-2025-0013 marra",
                "moussa@gmail.com ",
                "788885544",
                "Non d\u00e9fini",
                "actif"
            ],
            "missing_fields": [
                "date_naissance",
                "lieu_naissance"
            ],
            "id": "6817d2301c1c3",
            "matricule": "ODC-2025-0033",
            "password": "$2y$12$dVjQtsG.jeIIFXcDULgIW.iGtWLdsGP6h7D\/OOTDl.HtYHUcXiNgO",
            "created_at": "2025-05-04 20:46:40"
        },
        {
            "prenom": "ODC-2025-0012",
            "nom": "aboubabcr bamby",
            "email": "abdoulaye150199@gmail.com",
            "telephone": "782917770",
            "adresse": "Non d\u00e9fini",
            "date_naissance": "actif",
            "lieu_naissance": "",
            "referentiel_id": "",
            "status": "actif",
            "imported_data": [
                "ODC-2025-0012",
                "aboubabcr bamby",
                "abdoulaye150199@gmail.com",
                "782917770",
                "Non d\u00e9fini",
                "actif"
            ],
            "missing_fields": [
                "date_naissance",
                "lieu_naissance"
            ],
            "id": "6817d2347f485",
            "matricule": "ODC-2025-0034",
            "password": "$2y$12$QvUT5Xwo96RPdfp7\/b1M\/ORiDH4moZsT.MZKOZI31ZWc5q2JGgmlG",
            "created_at": "2025-05-04 20:46:44"
        },
        {
            "prenom": "ODC-2025-0013",
            "nom": "massata samb",
            "email": "mm32@gmail.com",
            "telephone": "778801980",
            "adresse": "Non d\u00e9fini",
            "date_naissance": "actif",
            "lieu_naissance": "",
            "referentiel_id": "",
            "status": "actif",
            "imported_data": [
                "ODC-2025-0013",
                "massata samb",
                "mm32@gmail.com",
                "778801980",
                "Non d\u00e9fini",
                "actif"
            ],
            "missing_fields": [
                "date_naissance",
                "lieu_naissance"
            ],
            "id": "6817d238b00a6",
            "matricule": "ODC-2025-0035",
            "password": "$2y$12$3s5IROi6WXA1zJt0kS5TJuiule5WT3dXTtnqqp\/fTTQzw4jcgUUOC",
            "created_at": "2025-05-04 20:46:49"
        },
        {
            "prenom": "ODC-2025-0014",
            "nom": "fatou  thiam",
            "email": "fat@gmail.com",
            "telephone": "771234455",
            "adresse": "Non d\u00e9fini",
            "date_naissance": "actif",
            "lieu_naissance": "",
            "referentiel_id": "",
            "status": "actif",
            "imported_data": [
                "ODC-2025-0014",
                "fatou  thiam",
                "fat@gmail.com",
                "771234455",
                "Non d\u00e9fini",
                "actif"
            ],
            "missing_fields": [
                "date_naissance",
                "lieu_naissance"
            ],
            "id": "6817d23d56fda",
            "matricule": "ODC-2025-0036",
            "password": "$2y$12$Q2Nc3jxMMqxTw\/GpkWcrZ.8LydibIkQvO9eWBTaOnBImxKLzGqbpa",
            "created_at": "2025-05-04 20:46:53"
        },
        {
            "prenom": "ODC-2025-0015",
            "nom": "mari mendy",
            "email": "mendy@gmail.com",
            "telephone": "777778899",
            "adresse": "Non d\u00e9fini",
            "date_naissance": "actif",
            "lieu_naissance": "",
            "referentiel_id": "",
            "status": "actif",
            "imported_data": [
                "ODC-2025-0015",
                "mari mendy",
                "mendy@gmail.com",
                "777778899",
                "Non d\u00e9fini",
                "actif"
            ],
            "missing_fields": [
                "date_naissance",
                "lieu_naissance"
            ],
            "id": "6817d24209cfa",
            "matricule": "ODC-2025-0037",
            "password": "$2y$12$51pMYphJA5IJxHFVdqE1LOPdsRjRftpm9OiDSMNTC0UxNfBFkqp7q",
            "created_at": "2025-05-04 20:46:58"
        },
        {
            "prenom": "ODC-2025-0016",
            "nom": "mamita niang",
            "email": "mimi@gmail.com",
            "telephone": "770008877",
            "adresse": "Non d\u00e9fini",
            "date_naissance": "actif",
            "lieu_naissance": "",
            "referentiel_id": "",
            "status": "actif",
            "imported_data": [
                "ODC-2025-0016",
                "mamita niang",
                "mimi@gmail.com",
                "770008877",
                "Non d\u00e9fini",
                "actif"
            ],
            "missing_fields": [
                "date_naissance",
                "lieu_naissance"
            ],
            "id": "6817d245e8799",
            "matricule": "ODC-2025-0038",
            "password": "$2y$12$eGmFyoSY2jTe11XWi4rED.3z8Df72Wp4Tc7poVjYxbCvSpjR3UV4S",
            "created_at": "2025-05-04 20:47:02"
        },
        {
            "prenom": "ODC-2025-0017",
            "nom": "mouhamed faye",
            "email": "fay@gmail.com",
            "telephone": "771110099",
            "adresse": "Non d\u00e9fini",
            "date_naissance": "actif",
            "lieu_naissance": "",
            "referentiel_id": "",
            "status": "actif",
            "imported_data": [
                "ODC-2025-0017",
                "mouhamed faye",
                "fay@gmail.com",
                "771110099",
                "Non d\u00e9fini",
                "actif"
            ],
            "missing_fields": [
                "date_naissance",
                "lieu_naissance"
            ],
            "id": "6817d24975317",
            "matricule": "ODC-2025-0039",
            "password": "$2y$12$3W4Td5M3oQQKNe6NFSmv9ewaW1kEvSBRdz6MsT0FUg\/rsDYLYskKa",
            "created_at": "2025-05-04 20:47:05"
        },
        {
            "prenom": "ODC-2025-0018",
            "nom": "amina gueye",
            "email": "mina@gmail.com",
            "telephone": "778885544",
            "adresse": "Non d\u00e9fini",
            "date_naissance": "actif",
            "lieu_naissance": "",
            "referentiel_id": "",
            "status": "actif",
            "imported_data": [
                "ODC-2025-0018",
                "amina gueye",
                "mina@gmail.com",
                "778885544",
                "Non d\u00e9fini",
                "actif"
            ],
            "missing_fields": [
                "date_naissance",
                "lieu_naissance"
            ],
            "id": "6817d24de7d88",
            "matricule": "ODC-2025-0040",
            "password": "$2y$12$TBuKcuhKso3kMi1SZbIsuO3orkZkonplcdvelQ5JuejgBGYAKEJ6C",
            "created_at": "2025-05-04 20:47:10"
        },
        {
            "prenom": "ODC-2025-0019",
            "nom": "1058218 sonko",
            "email": "sonko2@gmail.com",
            "telephone": "774331212",
            "adresse": "Non d\u00e9fini",
            "date_naissance": "actif",
            "lieu_naissance": "",
            "referentiel_id": "",
            "status": "actif",
            "imported_data": [
                "ODC-2025-0019",
                "1058218 sonko",
                "sonko2@gmail.com",
                "774331212",
                "Non d\u00e9fini",
                "actif"
            ],
            "missing_fields": [
                "date_naissance",
                "lieu_naissance"
            ],
            "id": "6817d25193ac9",
            "matricule": "ODC-2025-0041",
            "password": "$2y$12$CRpQEYh0EkgUgz.sn8jfvOLimnhu4KpeyGVfI2kllE9GVK9h5VkWq",
            "created_at": "2025-05-04 20:47:13"
        },
        {
            "prenom": "ODC-2025-0020",
            "nom": "1058219 diaw",
            "email": "mari3@gmail.com",
            "telephone": "778841212",
            "adresse": "Non d\u00e9fini",
            "date_naissance": "actif",
            "lieu_naissance": "",
            "referentiel_id": "",
            "status": "actif",
            "imported_data": [
                "ODC-2025-0020",
                "1058219 diaw",
                "mari3@gmail.com",
                "778841212",
                "Non d\u00e9fini",
                "actif"
            ],
            "missing_fields": [
                "date_naissance",
                "lieu_naissance"
            ],
            "id": "6817d25503f6b",
            "matricule": "ODC-2025-0042",
            "password": "$2y$12$sJYfqYGtTHVa0He2YESt0evuFiQZd.GMGcc3LQ2Rdm.1XwmIqX8ni",
            "created_at": "2025-05-04 20:47:17"
        },
        {
            "prenom": "ODC-2025-0031",
            "nom": "maastou sarr",
            "email": "mas@gmail.com",
            "telephone": "778800047",
            "adresse": "Non d\u00e9fini",
            "date_naissance": "actif",
            "lieu_naissance": "",
            "referentiel_id": "",
            "status": "actif",
            "imported_data": [
                "ODC-2025-0031",
                "maastou sarr",
                "mas@gmail.com",
                "778800047",
                "Non d\u00e9fini",
                "actif"
            ],
            "missing_fields": [
                "date_naissance",
                "lieu_naissance"
            ],
            "id": "6817d259357fa",
            "matricule": "ODC-2025-0043",
            "password": "$2y$12$hIx\/zp93lcNgLOj5XOYReeELSHmGJdX2Fv\/UhVFJmgbw9J58jNx5K",
            "created_at": "2025-05-04 20:47:21"
        },
        {
            "prenom": "ODC-2025-0032",
            "nom": "kadija ly",
            "email": "ly@gmail.com",
            "telephone": "771221122",
            "adresse": "Non d\u00e9fini",
            "date_naissance": "actif",
            "lieu_naissance": "",
            "referentiel_id": "",
            "status": "actif",
            "imported_data": [
                "ODC-2025-0032",
                "kadija ly",
                "ly@gmail.com",
                "771221122",
                "Non d\u00e9fini",
                "actif"
            ],
            "missing_fields": [
                "date_naissance",
                "lieu_naissance"
            ],
            "id": "6817d25cd435d",
            "matricule": "ODC-2025-0044",
            "password": "$2y$12$CekPC2zqLS5uzUJA3MtqUOhGBa4ezqDtm.BUHUMp1borzqWtO0Gwq",
            "created_at": "2025-05-04 20:47:25"
        },
        {
            "prenom": "ODC-2025-0033",
            "nom": "anna diallo",
            "email": "anna@gmail.com",
            "telephone": "771112211",
            "adresse": "Non d\u00e9fini",
            "date_naissance": "actif",
            "lieu_naissance": "",
            "referentiel_id": "",
            "status": "actif",
            "imported_data": [
                "ODC-2025-0033",
                "anna diallo",
                "anna@gmail.com",
                "771112211",
                "Non d\u00e9fini",
                "actif"
            ],
            "missing_fields": [
                "date_naissance",
                "lieu_naissance"
            ],
            "id": "6817d26087f0e",
            "matricule": "ODC-2025-0045",
            "password": "$2y$12$CagxpDQOkdB2WDwsSGkJ5e9g7XOiAHmaq4nl\/hHwdS9UKi1XKf2Pa",
            "created_at": "2025-05-04 20:47:28"
        },
        {
            "prenom": "ODC-2025-0034",
            "nom": "bachir  sow",
            "email": "bachir@gmail.com",
            "telephone": "771114566",
            "adresse": "Non d\u00e9fini",
            "date_naissance": "actif",
            "lieu_naissance": "",
            "referentiel_id": "",
            "status": "actif",
            "imported_data": [
                "ODC-2025-0034",
                "bachir  sow",
                "bachir@gmail.com",
                "771114566",
                "Non d\u00e9fini",
                "actif"
            ],
            "missing_fields": [
                "date_naissance",
                "lieu_naissance"
            ],
            "id": "6817d2646cee4",
            "matricule": "ODC-2025-0046",
            "password": "$2y$12$kx2SjCYF9IJ2XdlK69ueiuyt.wgiF4Vfl4GWpApqjd6qvrPMHGqvG",
            "created_at": "2025-05-04 20:47:32"
        },
        {
            "prenom": "ODC-2025-0035",
            "nom": "pathe ndiaye",
            "email": "ndiaye@gmail.com",
            "telephone": "776662222",
            "adresse": "Non d\u00e9fini",
            "date_naissance": "actif",
            "lieu_naissance": "",
            "referentiel_id": "",
            "status": "actif",
            "imported_data": [
                "ODC-2025-0035",
                "pathe ndiaye",
                "ndiaye@gmail.com",
                "776662222",
                "Non d\u00e9fini",
                "actif"
            ],
            "missing_fields": [
                "date_naissance",
                "lieu_naissance"
            ],
            "id": "6817d267b0a4d",
            "matricule": "ODC-2025-0047",
            "password": "$2y$12$sMdQTlR3B6TyWO6a5Ys1W.S9bmQNuXu4dUXctBphgqQHp1FBG1vFC",
            "created_at": "2025-05-04 20:47:36"
        },
        {
            "prenom": "ODC-2025-0036",
            "nom": "ngone samb",
            "email": "ngone@gmail.com",
            "telephone": "777112211",
            "adresse": "Non d\u00e9fini",
            "date_naissance": "actif",
            "lieu_naissance": "",
            "referentiel_id": "",
            "status": "actif",
            "imported_data": [
                "ODC-2025-0036",
                "ngone samb",
                "ngone@gmail.com",
                "777112211",
                "Non d\u00e9fini",
                "actif"
            ],
            "missing_fields": [
                "date_naissance",
                "lieu_naissance"
            ],
            "id": "6817d26a55d00",
            "matricule": "ODC-2025-0048",
            "password": "$2y$12$ILYXD3po\/213wSytsKWCLuv7CKcUz6fhPOUdgfMReSDCxoSZ0BAa.",
            "created_at": "2025-05-04 20:47:38"
        },
        {
            "prenom": "ODC-2025-0037",
            "nom": "louisa monteiro",
            "email": "mont@gmail.com",
            "telephone": "778001947",
            "adresse": "Non d\u00e9fini",
            "date_naissance": "actif",
            "lieu_naissance": "",
            "referentiel_id": "",
            "status": "actif",
            "imported_data": [
                "ODC-2025-0037",
                "louisa monteiro",
                "mont@gmail.com",
                "778001947",
                "Non d\u00e9fini",
                "actif"
            ],
            "missing_fields": [
                "date_naissance",
                "lieu_naissance"
            ],
            "id": "6817d26e10526",
            "matricule": "ODC-2025-0049",
            "password": "$2y$12$CwttK8OK4\/.K.g45HalTPePEAkBPNJiWMUegQJYrsAJbAvSQA.h.G",
            "created_at": "2025-05-04 20:47:42"
        },
        {
            "prenom": "ODC-2025-0039",
            "nom": "1058218 Diop",
            "email": "Seydina Mouhammad",
            "telephone": "seydina.diop2@exemple.com",
            "adresse": "Non d\u00e9fini",
            "date_naissance": "actif",
            "lieu_naissance": "",
            "referentiel_id": "",
            "status": "actif",
            "imported_data": [
                "ODC-2025-0039",
                "1058218 Diop",
                "Seydina Mouhammad",
                "seydina.diop2@exemple.com",
                "Non d\u00e9fini",
                "actif"
            ],
            "missing_fields": [
                "date_naissance",
                "lieu_naissance"
            ],
            "id": "6817d272a66a8",
            "matricule": "ODC-2025-0050",
            "password": "$2y$12$sL8ivnCAPGSxUHzgpCUSLeHWepwY3Hha1jJkZN1Sv7jlirOPzQ4v.",
            "created_at": "2025-05-04 20:47:47"
        },
        {
            "prenom": "ODC-2025-0040",
            "nom": "1058224 Diedhiou",
            "email": "Ousseynou",
            "telephone": "ousseynou.diedhiou@exemple.com",
            "adresse": "Non d\u00e9fini",
            "date_naissance": "actif",
            "lieu_naissance": "",
            "referentiel_id": "",
            "status": "actif",
            "imported_data": [
                "ODC-2025-0040",
                "1058224 Diedhiou",
                "Ousseynou",
                "ousseynou.diedhiou@exemple.com",
                "Non d\u00e9fini",
                "actif"
            ],
            "missing_fields": [
                "date_naissance",
                "lieu_naissance"
            ],
            "id": "6817d27307d02",
            "matricule": "ODC-2025-0051",
            "password": "$2y$12$yk4AYk3m7qPxUEWO6zEkpOWGdB8e98kOPO6TF9qjusMosUxNdDL\/C",
            "created_at": "2025-05-04 20:47:47"
        },
        {
            "prenom": "ODC-2025-0043",
            "nom": "ODC-2025-0014 Diallo",
            "email": "Marie",
            "telephone": "admin@odc.sn",
            "adresse": "Non d\u00e9fini",
            "date_naissance": "actif",
            "lieu_naissance": "",
            "referentiel_id": "",
            "status": "actif",
            "imported_data": [
                "ODC-2025-0043",
                "ODC-2025-0014 Diallo",
                "Marie",
                "admin@odc.sn",
                "Non d\u00e9fini",
                "actif"
            ],
            "missing_fields": [
                "date_naissance",
                "lieu_naissance"
            ],
            "id": "6817d2735b9c8",
            "matricule": "ODC-2025-0052",
            "password": "$2y$12$f8Nxq.BKrZkOqcWC\/Nk5\/eqtq12gVuYghXYinFU0fPKoa6iKVG2V.",
            "created_at": "2025-05-04 20:47:47"
        },
        {
            "prenom": "ODC-2025-0044",
            "nom": "ODC-2025-0015 diop",
            "email": "aida",
            "telephone": "aida@gmail.com",
            "adresse": "Non d\u00e9fini",
            "date_naissance": "actif",
            "lieu_naissance": "",
            "referentiel_id": "",
            "status": "actif",
            "imported_data": [
                "ODC-2025-0044",
                "ODC-2025-0015 diop",
                "aida",
                "aida@gmail.com",
                "Non d\u00e9fini",
                "actif"
            ],
            "missing_fields": [
                "date_naissance",
                "lieu_naissance"
            ],
            "id": "6817d273af496",
            "matricule": "ODC-2025-0053",
            "password": "$2y$12$pfhBXZkYE74DFft55Q8yb.qrrLXiPSjItsMB9SVplZJQTUSbPNVAi",
            "created_at": "2025-05-04 20:47:48"
        },
        {
            "prenom": "ODC-2025-0045",
            "nom": "sakura ndiaye",
            "email": "sakura@gmail.com",
            "telephone": "777777705",
            "adresse": "Non d\u00e9fini",
            "date_naissance": "actif",
            "lieu_naissance": "",
            "referentiel_id": "",
            "status": "actif",
            "imported_data": [
                "ODC-2025-0045",
                "sakura ndiaye",
                "sakura@gmail.com",
                "777777705",
                "Non d\u00e9fini",
                "actif"
            ],
            "missing_fields": [
                "date_naissance",
                "lieu_naissance"
            ],
            "id": "6817d2740e8bf",
            "matricule": "ODC-2025-0054",
            "password": "$2y$12$6psIq36BSpesL\/9EqKEmbuWB4hVfJzME4bytnbHb3xtXnRhBWUjjW",
            "created_at": "2025-05-04 20:47:48"
        },
        {
            "prenom": "ODC-2025-0048",
            "nom": "bour\u00f9=  niang",
            "email": "dien@gmail.com",
            "telephone": "776661111",
            "adresse": "Non d\u00e9fini",
            "date_naissance": "actif",
            "lieu_naissance": "",
            "referentiel_id": "",
            "status": "actif",
            "imported_data": [
                "ODC-2025-0048",
                "bour\u00f9=  niang",
                "dien@gmail.com",
                "776661111",
                "Non d\u00e9fini",
                "actif"
            ],
            "missing_fields": [
                "date_naissance",
                "lieu_naissance"
            ],
            "id": "6817d2781b30b",
            "matricule": "ODC-2025-0055",
            "password": "$2y$12$X.VfSRrleA0ngzRToZXnSe9LIAKVKFx.XFVYUrzhifpSd503V97RK",
            "created_at": "2025-05-04 20:47:52"
        },
        {
            "prenom": "thiat",
            "nom": "niang",
            "email": "dykha@gmail.com",
            "telephone": "776543211",
            "adresse": "senegal",
            "date_naissance": "12\/12\/2005",
            "lieu_naissance": "dakar",
            "referentiel_id": "680ff2176d805",
            "photo": "apprenants\/6817ed67d71c3.png",
            "id": "6817ed67d7b05",
            "matricule": "ODC-2025-0056",
            "password": "$2y$12$MV4gOBv2HX1sgJ8RPtLeZOz7dR3Te446etoOBENrUN7x7LozhBM9C",
            "created_at": "2025-05-04 22:42:48",
            "status": "actif"
        },
        {
            "prenom": "thiat",
            "nom": "niang",
            "email": "dykha@gmail.com",
            "telephone": "776543211",
            "adresse": "senegal",
            "date_naissance": "12\/12\/2005",
            "lieu_naissance": "dakar",
            "referentiel_id": "680ff2176d805",
            "photo": "apprenants\/6817ed6b2a443.png",
            "id": "6817ed6b2ad28",
            "matricule": "ODC-2025-0057",
            "password": "$2y$12$LL2Ys.83bpX2V3UjLDlpC.m6SUWljavQ7C2.ZfZgnlf.OroHZUKkC",
            "created_at": "2025-05-04 22:42:51",
            "status": "actif"
        },
        {
            "prenom": "mina",
            "nom": "chou",
            "email": "mina@gmail.com",
            "telephone": "771237689",
            "adresse": "senegal",
            "date_naissance": "12\/12\/1999",
            "lieu_naissance": "thies",
            "referentiel_id": "680ff1b19aaec",
            "photo": "apprenants\/6817ef89a01cc.png",
            "id": "6817ef89a07fc",
            "matricule": "ODC-2025-0058",
            "password": "$2y$12$IRxhQtrJL5NtF7m09Ez5YuzPt1ZXEwg01Zoec.mLwmPR4lW.safLe",
            "created_at": "2025-05-04 22:51:53",
            "status": "actif"
        },
        {
            "prenom": "max",
            "nom": "niang",
            "email": "max@gmail.com",
            "telephone": "771239865",
            "adresse": "hanne",
            "date_naissance": "12\/12\/1999",
            "lieu_naissance": "thies",
            "referentiel_id": "680ff2176d805",
            "photo": "apprenants\/6817efffb30e5.png",
            "id": "6817efffb3764",
            "matricule": "ODC-2025-0059",
            "password": "$2y$12$K3m\/M173.kEyaXu3jDLUDutsREN1cbfDQjifPb5pqgTJhQPUaGM4e",
            "created_at": "2025-05-04 22:53:51",
            "status": "actif"
        }
    ]
}